7f59169e-df5d-11ed-b190-1c36bb1ea32c.jpg,[]
832120be-df5d-11ed-b190-1c36bb1ea32c.jpg,['HR26DK8337']
860d4834-df5d-11ed-b190-1c36bb1ea32c.jpg,[]
8945553c-df5d-11ed-b190-1c36bb1ea32c.jpg,[]
a106f194-df5d-11ed-b190-1c36bb1ea32c.jpg,[]
a5a34da6-df5d-11ed-b190-1c36bb1ea32c.jpg,[]
c90ad462-df5d-11ed-b190-1c36bb1ea32c.jpg,['MM2 0F1433']
cc09ef22-df5d-11ed-b190-1c36bb1ea32c.jpg,[]
cebca8b8-df5d-11ed-b190-1c36bb1ea32c.jpg,[]
d167121a-df5d-11ed-b190-1c36bb1ea32c.jpg,[]
d4162fd2-df5d-11ed-b190-1c36bb1ea32c.jpg,[]
